scorer,DLC_resnet50_Left_MirrorJun28shuffle1_1000000,DLC_resnet50_Left_MirrorJun28shuffle1_1000000,DLC_resnet50_Left_MirrorJun28shuffle1_1000000,DLC_resnet50_Left_MirrorJun28shuffle1_1000000,DLC_resnet50_Left_MirrorJun28shuffle1_1000000,DLC_resnet50_Left_MirrorJun28shuffle1_1000000,DLC_resnet50_Left_MirrorJun28shuffle1_1000000,DLC_resnet50_Left_MirrorJun28shuffle1_1000000,DLC_resnet50_Left_MirrorJun28shuffle1_1000000,DLC_resnet50_Left_MirrorJun28shuffle1_1000000,DLC_resnet50_Left_MirrorJun28shuffle1_1000000,DLC_resnet50_Left_MirrorJun28shuffle1_1000000,DLC_resnet50_Left_MirrorJun28shuffle1_1000000,DLC_resnet50_Left_MirrorJun28shuffle1_1000000,DLC_resnet50_Left_MirrorJun28shuffle1_1000000,DLC_resnet50_Left_MirrorJun28shuffle1_1000000,DLC_resnet50_Left_MirrorJun28shuffle1_1000000,DLC_resnet50_Left_MirrorJun28shuffle1_1000000
bodyparts,finger1,finger1,finger1,finger2,finger2,finger2,finger3,finger3,finger3,finger4,finger4,finger4,paw,paw,paw,wrist_joint,wrist_joint,wrist_joint
coords,x,y,likelihood,x,y,likelihood,x,y,likelihood,x,y,likelihood,x,y,likelihood,x,y,likelihood
"('labeled-data', 'mj_15_51_51_ncb1131-camA', 'img00205.png')",202.8844757080078,137.6785125732422,0.020512299612164497,204.09585571289062,140.17120361328125,0.021224025636911392,204.34922790527344,143.9296112060547,0.0455167330801487,203.8240966796875,168.2482147216797,0.08498081564903259,187.3832550048828,148.00205993652344,0.05968320369720459,163.3617706298828,164.72219848632812,0.9958219528198242
labeled-data\mj_15_51_51_ncb1131-camA\img00206.png,203.4425048828125,138.06356811523438,0.12929464876651764,204.5253448486328,145.44627380371094,0.10882706940174103,203.63819885253906,145.41856384277344,0.19016918540000916,201.32249450683594,155.42115783691406,0.2652253210544586,185.8873748779297,152.38031005859375,0.13748085498809814,166.01092529296875,169.67945861816406,0.9846921563148499
labeled-data\mj_15_51_51_ncb1131-camA\img00207.png,202.41287231445312,152.4770965576172,0.0024347512517124414,-6.483591079711914,271.3087158203125,0.003917874302715063,202.05502319335938,157.76832580566406,0.0025063653010874987,201.01498413085938,159.860107421875,0.0042460099793970585,191.3607177734375,164.35784912109375,0.0007856266456656158,175.948486328125,175.07630920410156,0.7375501990318298
labeled-data\mj_15_51_51_ncb1131-camA\img00208.png,201.5678253173828,154.44140625,0.0007974097388796508,-6.690098762512207,271.2574462890625,0.003324379911646247,-4.854506492614746,286.60028076171875,0.000778548012021929,193.74618530273438,185.5479278564453,0.0012652960140258074,190.18528747558594,167.06622314453125,0.000439142226241529,169.3650360107422,179.2176055908203,0.6675340533256531
labeled-data\mj_15_51_51_ncb1131-camA\img00210.png,201.08651733398438,124.1957778930664,0.0008026341092772782,201.0486602783203,127.20159149169922,0.0035050269216299057,201.39158630371094,129.2574005126953,0.0014147128676995635,191.61642456054688,188.34237670898438,0.015892477706074715,189.03627014160156,179.2555694580078,0.00035058995126746595,157.11341857910156,180.01370239257812,0.4362233281135559
labeled-data\mj_15_51_51_ncb1131-camA\img00213.png,201.5850830078125,125.1186294555664,0.0008914014906622469,-7.168499946594238,284.8289489746094,0.002730108331888914,193.0869140625,131.55160522460938,0.0012558277230709791,193.4270477294922,190.1122283935547,0.06686116009950638,189.37484741210938,180.55902099609375,0.005554735194891691,165.5336456298828,184.8903350830078,0.7577460408210754
labeled-data\mj_15_51_51_ncb1131-camA\img00220.png,167.55758666992188,174.99337768554688,0.5784623622894287,173.37307739257812,177.29330444335938,0.7469099164009094,172.51736450195312,184.33206176757812,0.9878634214401245,169.7945556640625,189.33438110351562,0.7075405716896057,150.9611053466797,181.8178253173828,0.9989191293716431,131.63734436035156,191.0749053955078,0.9999737739562988
labeled-data\mj_15_51_51_ncb1131-camA\img00223.png,158.65042114257812,181.7415313720703,0.32958731055259705,156.87933349609375,182.24974060058594,0.013667906634509563,161.5630340576172,186.27987670898438,0.241875559091568,158.25830078125,191.0137481689453,0.39687713980674744,133.9081573486328,186.9022674560547,0.9999170303344727,116.21754455566406,194.82315063476562,0.9990407824516296
labeled-data\mj_15_51_51_ncb1131-camA\img00423.png,123.39612579345703,173.49652099609375,0.3098962604999542,123.53632354736328,176.41290283203125,0.033869668841362,124.9479751586914,182.84815979003906,0.14460435509681702,124.2916259765625,191.34864807128906,0.03260137513279915,108.1735610961914,183.6138916015625,0.9674262404441833,94.83013916015625,195.1312713623047,0.9940400123596191
labeled-data\mj_15_51_51_ncb1131-camA\img00434.png,-6.075848579406738,254.24594116210938,0.001051452592946589,-7.250718116760254,300.7320556640625,0.002997098956257105,-4.868636131286621,286.8669738769531,0.0008301953785121441,-3.1537179946899414,285.73284912109375,0.00044091042946092784,-6.978910446166992,251.2686004638672,2.690769724722486e-05,177.8162841796875,174.1221160888672,0.0185259822756052
labeled-data\mj_15_51_51_ncb1131-camA\img00435.png,-6.212471961975098,254.4918670654297,0.0006140691693872213,-7.253447532653809,285.2342529296875,0.0032927822321653366,-4.974754333496094,287.0362548828125,0.0009950617095455527,-3.352719306945801,286.088134765625,0.0004720384022220969,174.15701293945312,170.61175537109375,3.430376818869263e-05,154.8277130126953,179.69935607910156,0.006540277972817421
labeled-data\mj_15_51_51_ncb1131-camA\img00436.png,-6.290505409240723,282.84375,0.0003811905044130981,-7.461403846740723,285.4418029785156,0.002597870770841837,-5.058686256408691,287.173828125,0.0008011998725123703,200.76608276367188,175.58053588867188,0.0003738337545655668,173.55149841308594,171.93553161621094,8.387261914322153e-05,155.08407592773438,180.42486572265625,0.02067485637962818
labeled-data\mj_15_51_51_ncb1131-camA\img00437.png,-7.659417152404785,262.2960510253906,0.00047016554162837565,-7.489821434020996,285.3431396484375,0.0027245923411101103,-5.09521484375,287.1108703613281,0.0007740702130831778,191.21250915527344,187.87757873535156,0.00041374005377292633,174.0957794189453,171.99423217773438,5.676899309037253e-05,155.3157196044922,180.07431030273438,0.024703456088900566
labeled-data\mj_15_51_51_ncb1131-camA\img00438.png,201.35484313964844,156.46304321289062,0.002364654326811433,-7.224170684814453,285.18951416015625,0.002916140714660287,203.48611450195312,172.81968688964844,0.00157686579041183,192.52783203125,183.3528289794922,0.017529074102640152,187.95140075683594,167.80410766601562,0.004538173321634531,156.09097290039062,178.14456176757812,0.4306657314300537
labeled-data\mj_15_51_51_ncb1131-camA\img00439.png,200.74429321289062,158.11875915527344,0.0015983621124178171,-6.997867584228516,285.11199951171875,0.003446935908868909,194.71005249023438,184.44619750976562,0.004645790904760361,192.10581970214844,187.0336456298828,0.7210597395896912,188.52432250976562,177.45445251464844,0.03174816071987152,164.52748107910156,183.65724182128906,0.6137613654136658
labeled-data\mj_15_51_51_ncb1131-camA\img00441.png,188.8065643310547,185.99765014648438,0.04248720407485962,190.8999481201172,195.20980834960938,0.10737160593271255,189.3330078125,198.16812133789062,0.900481104850769,180.2874298095703,202.07150268554688,0.3190597891807556,172.33396911621094,188.38479614257812,0.3619023859500885,153.5203094482422,192.42803955078125,0.7568351626396179
labeled-data\mj_15_51_51_ncb1131-camA\img00719.png,-5.8736772537231445,254.19720458984375,0.0012470103101804852,-7.151044845581055,285.1917419433594,0.004551980644464493,-4.774005889892578,286.849609375,0.0012324209092184901,197.7847137451172,156.4151153564453,0.0011707486119121313,178.34124755859375,164.7855987548828,0.00017453168402425945,162.1702117919922,174.16384887695312,0.8542612791061401
labeled-data\mj_15_51_51_ncb1131-camA\img00722.png,200.61346435546875,125.88970184326172,0.0006053226534277201,-7.175217628479004,300.5603332519531,0.004409508313983679,200.66094970703125,143.6022491455078,0.0017089496832340956,198.78591918945312,156.55667114257812,0.0027348706498742104,188.25106811523438,169.56280517578125,0.0006784018478356302,164.22215270996094,176.618896484375,0.9231900572776794
labeled-data\mj_15_51_51_ncb1131-camA\img00734.png,155.68809509277344,184.70152282714844,0.9999628067016602,156.93894958496094,190.6356201171875,0.9537901282310486,153.6197052001953,195.47560119628906,0.9928081035614014,152.71263122558594,205.4008331298828,0.04289575293660164,132.1566925048828,187.44712829589844,0.9999997615814209,111.98173522949219,192.8944854736328,0.9999951124191284
labeled-data\mj_15_51_51_ncb1131-camA\img01090.png,158.89695739746094,185.53302001953125,0.9810779690742493,159.2949981689453,191.9904327392578,0.0633634552359581,159.6533966064453,198.31036376953125,0.7786251902580261,153.9171600341797,206.94064331054688,0.05483786761760712,134.38092041015625,188.19175720214844,0.9998420476913452,116.14866638183594,192.62744140625,0.9996147155761719
labeled-data\mj_15_51_51_ncb1131-camA\img01250.png,-6.777979850769043,297.3243713378906,0.00022870719840284437,-7.67778205871582,300.9796447753906,0.002678090473636985,-5.275928497314453,287.3677978515625,0.0003805866581387818,194.7285919189453,188.297607421875,0.000980094657279551,201.79129028320312,165.97500610351562,0.0002503440191503614,171.18133544921875,183.20062255859375,0.09247024357318878
labeled-data\mj_15_51_51_ncb1131-camA\img01252.png,-6.420842170715332,282.75274658203125,0.0004260652349330485,-7.482419967651367,300.7001647949219,0.004081559367477894,-5.155729293823242,287.39556884765625,0.0009148485260084271,193.8323516845703,190.0557098388672,0.003032670821994543,173.02915954589844,185.6867218017578,0.00013560403021983802,163.56076049804688,188.7969970703125,0.05067456141114235
labeled-data\mj_15_51_51_ncb1131-camA\img01253.png,206.69027709960938,167.7971954345703,0.0011355094611644745,-7.353798866271973,300.6236877441406,0.004687127191573381,202.83856201171875,145.5614471435547,0.0016195023199543357,202.80831909179688,146.65184020996094,0.001125403679907322,199.17709350585938,170.20713806152344,8.822018571663648e-05,169.05262756347656,184.29190063476562,0.10218673199415207
labeled-data\mj_15_51_51_ncb1131-camA\img01256.png,-5.557738304138184,269.8252868652344,0.0006592632853426039,-7.350641250610352,300.6679992675781,0.005452617537230253,-5.127340316772461,287.33892822265625,0.0010756694246083498,201.98361206054688,186.61819458007812,0.005375269800424576,188.5807647705078,171.0618896484375,0.00031129829585552216,166.8238067626953,180.66738891601562,0.5845499634742737
labeled-data\mj_15_51_51_ncb1131-camA\img01590.png,116.1029052734375,180.8212432861328,0.9992675185203552,122.12715148925781,183.51129150390625,0.9928722381591797,119.92021942138672,189.16268920898438,0.9937467575073242,112.54376983642578,194.8315887451172,0.9749802350997925,93.803466796875,185.4228973388672,0.9999791383743286,71.65779113769531,195.9343719482422,0.9999996423721313
labeled-data\mj_15_51_51_ncb1131-camA\img01593.png,114.14341735839844,190.5197296142578,0.9998430013656616,113.58460998535156,194.82406616210938,0.9998931884765625,112.38867950439453,200.99227905273438,0.9999921321868896,107.82730102539062,207.0437774658203,0.9996984004974365,92.2538833618164,192.7058563232422,0.9999998807907104,71.52994537353516,201.50051879882812,0.9999995231628418
labeled-data\mj_15_51_51_ncb1131-camA\img01597.png,105.31748962402344,191.7364959716797,0.995125949382782,106.44706726074219,202.4563751220703,0.9989118576049805,101.75790405273438,209.52166748046875,0.9999852180480957,93.01868438720703,212.62184143066406,0.9999991655349731,85.92803192138672,193.90841674804688,1.0,62.085941314697266,199.11900329589844,0.9999971389770508
labeled-data\mj_15_51_51_ncb1131-camA\img01599.png,41.48441696166992,204.3706512451172,0.007972144521772861,87.99222564697266,253.44815063476562,0.010728657245635986,87.10977172851562,262.1354675292969,0.0004645215522032231,-3.199512004852295,286.50360107421875,0.00016492778377141804,42.074913024902344,208.84683227539062,4.8124114982783794e-05,31.245079040527344,217.1628875732422,0.00036323649692349136
labeled-data\mj_15_51_51_ncb1131-camA\img02514.png,202.73501586914062,153.25880432128906,0.007515765260905027,203.41026306152344,156.05490112304688,0.008799344301223755,202.834716796875,159.7150421142578,0.01414408627897501,205.5677032470703,174.0294189453125,0.0324350968003273,191.8295135498047,164.27459716796875,0.0029713998083025217,175.1652374267578,176.70361328125,0.8345139026641846
labeled-data\mj_15_51_51_ncb1131-camA\img02515.png,200.9454803466797,141.17881774902344,0.00028656268841587007,-7.570928573608398,300.39483642578125,0.002721267519518733,-5.5917510986328125,286.8921203613281,0.0003557150484994054,-4.2721147537231445,301.0355529785156,0.00022892930428497493,173.4138641357422,172.89865112304688,6.361420673783869e-05,167.80999755859375,184.10223388671875,0.014070365577936172
labeled-data\mj_15_51_51_ncb1131-camA\img02517.png,-8.119222640991211,291.1576843261719,0.0002555128885433078,-7.399233818054199,300.1753234863281,0.0033333185128867626,-5.579290390014648,287.0133361816406,0.0004238896071910858,175.19895935058594,189.91717529296875,0.0005176339764147997,160.0745391845703,181.4953155517578,0.0003463116881903261,152.13990783691406,183.9429168701172,0.04002614691853523
labeled-data\mj_15_51_51_ncb1131-camA\img02518.png,201.89697265625,125.2964859008789,0.0004189967003185302,-7.41153621673584,300.2081298828125,0.003677072934806347,193.96542358398438,130.65402221679688,0.0009709301521070302,203.4904022216797,129.00762939453125,0.0005214364500716329,160.45762634277344,181.16932678222656,0.00010422038758406416,168.08456420898438,184.7036895751953,0.07708878815174103
labeled-data\mj_15_51_51_ncb1131-camA\img02519.png,201.96060180664062,124.7408218383789,0.000490321486722678,-7.38449764251709,300.06964111328125,0.003606487298384309,-5.414639472961426,286.9590759277344,0.000759898975957185,200.44102478027344,159.3341522216797,0.0005971979117020965,160.2381134033203,180.8522491455078,6.41266888123937e-05,168.32135009765625,183.6507110595703,0.13895834982395172
labeled-data\mj_15_51_51_ncb1131-camA\img02520.png,201.60890197753906,155.14657592773438,0.0024842186830937862,-7.24418830871582,300.1025695800781,0.004546698648482561,-5.532875061035156,286.8105163574219,0.0007827739464119077,202.96475219726562,183.79653930664062,0.012118280865252018,191.3736114501953,176.801025390625,0.0024710146244615316,167.89382934570312,182.7335205078125,0.8890205025672913
labeled-data\mj_15_51_51_ncb1131-camA\img02521.png,201.58535766601562,156.21534729003906,0.0038407559040933847,-7.190818786621094,300.1534729003906,0.0047199055552482605,-5.455711364746094,286.7734375,0.0008839091169647872,202.99070739746094,183.68081665039062,0.07113656401634216,191.1376190185547,176.7816162109375,0.01213326770812273,167.2406463623047,182.38360595703125,0.9335284233093262
labeled-data\mj_15_51_51_ncb1131-camA\img02522.png,201.51443481445312,155.90444946289062,0.0036632611881941557,-7.176557540893555,300.26873779296875,0.005442590452730656,205.89535522460938,181.1641845703125,0.0014488643500953913,202.9329071044922,183.65069580078125,0.24105985462665558,190.6280975341797,175.57867431640625,0.018552757799625397,166.37576293945312,182.26246643066406,0.9388142824172974
labeled-data\mj_15_51_51_ncb1131-camA\img02523.png,204.20579528808594,174.3320770263672,0.06870372593402863,206.3833770751953,179.40655517578125,0.06657794117927551,206.54388427734375,181.14794921875,0.1415642499923706,202.75299072265625,184.66783142089844,0.9843810796737671,190.271240234375,175.4003143310547,0.39036640524864197,164.2312469482422,183.51353454589844,0.9919838309288025
labeled-data\mj_15_51_51_ncb1131-camA\img03938.png,200.56674194335938,127.47470092773438,0.0009090637904591858,-7.3814592361450195,285.17901611328125,0.0032136908266693354,201.81361389160156,131.21510314941406,0.0011397451162338257,-3.3787307739257812,286.1405029296875,0.00041102973045781255,190.4987335205078,152.39773559570312,0.00013253153883852065,170.9303436279297,177.1156005859375,0.2988443076610565
labeled-data\mj_15_51_51_ncb1131-camA\img03940.png,-5.864977836608887,347.2326965332031,0.0005072089843451977,-7.416540145874023,300.728515625,0.0031336722895503044,-4.994074821472168,286.82708740234375,0.0008583361050114036,-4.0581254959106445,301.3348388671875,0.0003956896543968469,172.89654541015625,172.42910766601562,3.3501608413644135e-05,153.75546264648438,187.06759643554688,0.003248752560466528
labeled-data\mj_15_51_51_ncb1131-camA\img03942.png,-5.740571022033691,347.26153564453125,0.0006486341007985175,-7.414085388183594,300.8255920410156,0.002880334621295333,-5.016115188598633,286.9426574707031,0.0006786909070797265,-3.9260292053222656,301.2482604980469,0.00036589999217540026,174.7465362548828,172.81396484375,2.729839070525486e-05,154.01600646972656,186.42637634277344,0.00593755254521966
labeled-data\mj_15_51_51_ncb1131-camA\img03944.png,-5.70107364654541,347.2055358886719,0.0006238873465918005,-7.392280578613281,300.8511047363281,0.0031970629934221506,203.05674743652344,129.55264282226562,0.0008383263484574854,203.770263671875,129.47593688964844,0.0004260575515218079,183.70130920410156,127.46426391601562,3.731672768481076e-05,169.7418212890625,181.47384643554688,0.04193129763007164
labeled-data\mj_15_51_51_ncb1131-camA\img03945.png,201.7514190673828,151.21954345703125,0.0008983342559076846,-7.346923828125,300.8418273925781,0.003157309489324689,-4.7369537353515625,286.9555358886719,0.0009437635890208185,200.785888671875,158.83924865722656,0.001570377848111093,188.927001953125,166.1714324951172,0.00036293643643148243,169.01193237304688,179.5054931640625,0.11674871295690536
labeled-data\mj_15_51_51_ncb1131-camA\img06840.png,-6.803055763244629,297.0914611816406,0.0005139871500432491,-7.57459831237793,300.5135498046875,0.005010830704122782,-5.007049560546875,286.9573059082031,0.0010537273483350873,192.3470458984375,189.03343200683594,0.0011301377089694142,172.6436004638672,172.06396484375,8.259523747256026e-05,155.4834747314453,182.4884490966797,0.013535975478589535
labeled-data\mj_15_51_51_ncb1131-camA\img06842.png,-6.140107154846191,269.7695007324219,0.0003979603643529117,-7.6513471603393555,300.6271667480469,0.0034505235962569714,-5.093084335327148,286.949951171875,0.0007427410455420613,-4.225991249084473,300.9341735839844,0.000308068934828043,174.1541748046875,172.7515411376953,2.9899587389081717e-05,177.98858642578125,178.72288513183594,0.00686281593516469
labeled-data\mj_15_51_51_ncb1131-camA\img06844.png,202.48353576660156,158.83148193359375,0.004059992730617523,-7.542409896850586,300.5833435058594,0.0038322359323501587,204.5732421875,173.51783752441406,0.0013755582040175796,202.26278686523438,181.00369262695312,0.08400527387857437,188.5699920654297,168.8650665283203,0.004181902389973402,167.47779846191406,179.7974395751953,0.5883922576904297
labeled-data\mj_15_51_51_ncb1131-camA\img06855.png,191.32533264160156,164.260986328125,0.0741400420665741,200.42471313476562,175.52963256835938,0.23783273994922638,193.34768676757812,182.88882446289062,0.2434357851743698,185.10565185546875,186.8173370361328,0.9684877395629883,173.28607177734375,166.82040405273438,0.9709974527359009,148.92935180664062,173.24900817871094,0.9997461438179016
labeled-data\mj_15_51_51_ncb1131-camA\img06856.png,181.93299865722656,155.76675415039062,0.2085225135087967,188.6310577392578,163.87814331054688,0.715058445930481,188.8422393798828,170.62252807617188,0.9692270755767822,177.7647705078125,179.7509307861328,0.921967625617981,162.27615356445312,161.6468505859375,0.9997888207435608,142.49862670898438,169.24517822265625,0.9999542236328125
labeled-data\mj_15_51_51_ncb1131-camA\img06857.png,171.7976837158203,143.47689819335938,0.6030389070510864,178.33900451660156,153.8007049560547,0.8972654938697815,177.22401428222656,158.67254638671875,0.8813272714614868,178.5843505859375,168.419189453125,0.46421682834625244,151.50401306152344,155.11090087890625,0.9994297623634338,132.7289581298828,166.0784149169922,0.999996542930603
labeled-data\mj_15_51_51_ncb1131-camA\img06858.png,164.7789306640625,150.00453186035156,0.9797318577766418,175.06826782226562,159.6511993408203,0.9776418805122375,173.19586181640625,165.63189697265625,0.9868878722190857,161.26869201660156,176.50564575195312,0.09870694577693939,145.37103271484375,162.89968872070312,0.9991023540496826,127.08675384521484,170.28872680664062,0.9961327314376831
labeled-data\mj_15_51_51_ncb1131-camA\img09198.png,202.90773010253906,155.20346069335938,0.0013982993550598621,-7.621084213256836,300.3548583984375,0.0030464252922683954,-4.533312797546387,286.473388671875,0.001296095666475594,204.10003662109375,176.86102294921875,0.0048172492533922195,190.55755615234375,167.00485229492188,0.0008490821928717196,170.06597900390625,182.8691864013672,0.3242279887199402
labeled-data\mj_15_51_51_ncb1131-camA\img09199.png,-6.022591590881348,254.7850341796875,0.0005864732665941119,-7.582589149475098,300.3848876953125,0.0032157704699784517,-4.55244255065918,286.5568542480469,0.0012112142285332084,-3.106417179107666,285.8793029785156,0.0003994856961071491,173.15145874023438,185.96238708496094,4.122827886021696e-05,163.5897674560547,188.9900360107422,0.007207774557173252
labeled-data\mj_15_51_51_ncb1131-camA\img09200.png,-6.847436904907227,297.49609375,0.0005688024684786797,-7.547676086425781,300.2540588378906,0.0037422673776745796,-4.555031776428223,286.4429016113281,0.0013477940810844302,-4.176996231079102,300.79962158203125,0.0004295559774618596,95.62165832519531,176.61570739746094,3.939375892514363e-05,163.6028594970703,189.49957275390625,0.003451493801549077
labeled-data\mj_15_51_51_ncb1131-camA\img09201.png,-6.011913299560547,269.5777282714844,0.0008074274519458413,-7.564345359802246,300.0957946777344,0.004901277832686901,-4.680878639221191,286.5467834472656,0.0016301149735227227,-4.347378730773926,300.76605224609375,0.0005626570782624185,-7.067474365234375,267.37017822265625,3.3727959817042574e-05,163.59043884277344,189.35470581054688,0.005067104008048773
labeled-data\mj_15_51_51_ncb1131-camA\img09202.png,-6.7342529296875,297.4395446777344,0.0008333454607054591,-7.457114219665527,300.22503662109375,0.005252073053270578,200.90753173828125,144.55380249023438,0.002188352635130286,201.22225952148438,145.9425048828125,0.0010710301576182246,-6.94539737701416,267.4384460449219,3.0390385290957056e-05,168.9539794921875,184.49449157714844,0.028440652415156364
labeled-data\mj_15_51_51_ncb1131-camA\img09203.png,-5.615205764770508,269.68792724609375,0.0010831026593223214,-7.381992340087891,300.17193603515625,0.005239669233560562,-4.54049015045166,286.4828796386719,0.002189299091696739,200.9234161376953,146.59808349609375,0.0009980652248486876,189.36801147460938,170.33592224121094,5.414919360191561e-05,169.6011505126953,183.19883728027344,0.16281063854694366
labeled-data\mj_15_51_51_ncb1131-camA\img09204.png,-5.770107269287109,269.7950439453125,0.0011526851449161768,-7.399890899658203,300.5062255859375,0.005324842873960733,201.23785400390625,156.4301300048828,0.0017223580507561564,200.0067138671875,158.14710998535156,0.0036169718950986862,187.9329071044922,169.10238647460938,7.539746729889885e-05,168.6471710205078,182.43992614746094,0.5468124151229858
labeled-data\mj_15_51_51_ncb1131-camA\img09205.png,-5.832767486572266,269.84503173828125,0.0009162031929008663,-7.482117652893066,300.50994873046875,0.004310179501771927,200.8166961669922,142.87020874023438,0.001681725261732936,199.1334228515625,156.4093017578125,0.0025314195081591606,187.56240844726562,169.23939514160156,6.375103839673102e-05,168.1553497314453,181.16879272460938,0.32735195755958557
labeled-data\mj_15_51_51_ncb1131-camA\img09206.png,-5.769909858703613,269.4042663574219,0.000885633984580636,-7.422811508178711,285.01123046875,0.004221879877150059,-4.87458610534668,286.5237121582031,0.001584905432537198,-3.634106159210205,285.774169921875,0.0005321661592461169,173.77072143554688,172.2512664794922,5.079726906842552e-05,168.01930236816406,177.49105834960938,0.00953720323741436
labeled-data\mj_15_51_51_ncb1131-camA\img10891.png,161.45455932617188,185.0994110107422,0.7475224733352661,167.8697052001953,197.45863342285156,0.08185631036758423,166.71580505371094,201.09228515625,0.39552628993988037,155.2269744873047,208.83001708984375,0.08113392442464828,135.12936401367188,187.9681854248047,0.9998573064804077,116.68376922607422,193.8591766357422,0.9999383687973022
labeled-data\mj_15_51_51_ncb1131-camA\img10893.png,152.1317901611328,184.44073486328125,0.9990174770355225,154.9088592529297,187.1066131591797,0.8298033475875854,150.93377685546875,193.78038024902344,0.9231189489364624,147.53346252441406,198.52883911132812,0.6830005049705505,125.28375244140625,187.13528442382812,0.9999960660934448,105.94867706298828,194.4786834716797,0.9999966621398926
labeled-data\mj_15_51_51_ncb1131-camA\img10903.png,201.1761932373047,154.05014038085938,0.001397160580381751,-7.204037666320801,285.0374450683594,0.004038081504404545,-4.715956687927246,286.5669860839844,0.0014179141726344824,193.58779907226562,182.88107299804688,0.0018390443874523044,188.55642700195312,165.15966796875,0.018212908878922462,169.68655395507812,175.0924835205078,0.9847322106361389
labeled-data\mj_15_51_51_ncb1131-camA\img10904.png,-6.307906150817871,254.54281616210938,0.0005262962076812983,-7.273129463195801,285.1580505371094,0.0033472690265625715,-4.683280944824219,286.626953125,0.0012890802463516593,192.9655303955078,186.50466918945312,0.0022402626927942038,188.6082763671875,171.42782592773438,0.0005780620267614722,167.60476684570312,179.28204345703125,0.7686692476272583
labeled-data\mj_15_51_51_ncb1131-camA\img10905.png,-6.350207328796387,254.61436462402344,0.0006096836877986789,-7.306798934936523,284.9521789550781,0.003854402108117938,-4.833857536315918,286.4412536621094,0.0014464923879131675,192.6177978515625,187.2536163330078,0.03972020372748375,188.08148193359375,177.10902404785156,0.0061969091184437275,163.41061401367188,180.7500762939453,0.8589171767234802
labeled-data\mj_15_51_51_ncb1131-camA\img10907.png,198.59861755371094,176.98251342773438,0.9796890616416931,201.67236328125,182.18389892578125,0.9936209321022034,201.7231903076172,185.0696258544922,0.9997949004173279,195.09886169433594,192.8218994140625,0.9892977476119995,182.7703094482422,180.8173065185547,0.9965634942054749,160.11264038085938,187.12680053710938,0.9999727010726929
labeled-data\mj_15_51_51_ncb1131-camA\img11512.png,199.30653381347656,161.691162109375,0.33911019563674927,204.2500762939453,166.60360717773438,0.5788910388946533,204.6269073486328,174.37661743164062,0.9330958127975464,192.1456756591797,183.7293701171875,0.9881942272186279,183.15850830078125,169.3875732421875,0.94867342710495,156.40362548828125,178.87606811523438,0.9999254941940308
labeled-data\mj_15_51_51_ncb1131-camA\img11513.png,202.7710723876953,155.76809692382812,0.2222699373960495,205.5790557861328,164.81134033203125,0.1370869278907776,207.69911193847656,173.1746063232422,0.3669873774051666,204.42581176757812,178.2054443359375,0.9581762552261353,189.49774169921875,166.33668518066406,0.9238738417625427,164.82376098632812,176.91549682617188,0.9975685477256775
labeled-data\mj_15_51_51_ncb1131-camA\img11514.png,204.42230224609375,155.40151977539062,0.8956769704818726,206.5382843017578,163.8840789794922,0.9812881946563721,206.5893096923828,170.6097412109375,0.9954051971435547,205.0478973388672,175.37901306152344,0.9995070695877075,189.3053436279297,164.6283416748047,0.9991183876991272,168.0926513671875,176.66696166992188,0.9996108412742615
labeled-data\mj_15_51_51_ncb1131-camA\img11517.png,-7.905804634094238,276.9668884277344,0.00041104143019765615,-7.940832138061523,300.1697082519531,0.0025903102941811085,-5.0463762283325195,286.1866149902344,0.0009077274007722735,-4.655213356018066,300.78179931640625,0.00023468206927645952,160.357666015625,182.75704956054688,2.352063347643707e-05,168.67233276367188,192.33302307128906,0.008327820338308811
labeled-data\mj_15_51_51_ncb1131-camA\img11518.png,-7.887889862060547,277.06353759765625,0.0004292295197956264,-7.747431755065918,284.61688232421875,0.0025671047624200583,-5.062331199645996,286.18994140625,0.0009053447283804417,-3.3274378776550293,285.5303955078125,0.00022012248518876731,160.45713806152344,182.5561065673828,2.5333640223834664e-05,168.3961181640625,192.18719482421875,0.008000125177204609
labeled-data\mj_15_51_51_ncb1131-camA\img11519.png,201.6942138671875,141.61805725097656,0.0006598089239560068,-7.942424774169922,300.1791687011719,0.0021424232982099056,-5.127755165100098,286.1725769042969,0.0006705453852191567,201.33839416503906,160.56817626953125,0.0005964179872535169,189.55067443847656,172.15977478027344,3.95888346247375e-05,171.19773864746094,184.49197387695312,0.11697666347026825
labeled-data\mj_15_51_51_ncb1131-camA\img11520.png,201.0220489501953,153.7910919189453,0.0013834434794262052,-7.5484418869018555,300.2223205566406,0.002559526590630412,201.02882385253906,158.6438446044922,0.0008503517019562423,200.6495819091797,159.62445068359375,0.001782728242687881,190.65460205078125,171.36380004882812,0.0002584411995485425,171.49575805664062,183.74862670898438,0.6833545565605164
labeled-data\mj_15_51_51_ncb1131-camA\img11521.png,200.52145385742188,152.9991455078125,0.0008425820851698518,-7.486730575561523,300.1041564941406,0.0031060834880918264,-4.714151382446289,286.13922119140625,0.0009703641990199685,201.00254821777344,158.82052612304688,0.0008111989591270685,189.10670471191406,172.11737060546875,0.00046326901065185666,169.11802673339844,183.5386962890625,0.8055618405342102
labeled-data\mj_15_51_51_ncb1131-camA\img11522.png,-5.407381057739258,269.79327392578125,0.0008319038315676153,-7.399909973144531,300.1361083984375,0.003416306572034955,-4.630039215087891,286.1213073730469,0.0010194474598392844,203.07872009277344,186.5937042236328,0.017741765826940536,190.98414611816406,178.64991760253906,0.0026899867225438356,167.6728515625,182.58062744140625,0.8717039823532104
labeled-data\mj_15_51_51_ncb1131-camA\img11523.png,204.8553009033203,175.9986572265625,0.0021160526666790247,-7.456449508666992,300.1095275878906,0.0033233738504350185,-4.709972381591797,286.1014099121094,0.0008513943757861853,203.7705078125,186.3092041015625,0.13640518486499786,191.22503662109375,178.39703369140625,0.008144841529428959,167.82070922851562,183.08628845214844,0.9193397164344788
labeled-data\mj_15_51_51_ncb1131-camA\img11524.png,205.36767578125,178.16041564941406,0.0019055749289691448,-7.4764404296875,300.15802001953125,0.0034935290459543467,206.24838256835938,183.4682159423828,0.0010865331860259175,203.52317810058594,186.522705078125,0.21266214549541473,190.78721618652344,178.74703979492188,0.01291253324598074,167.5697021484375,184.46653747558594,0.9100480079650879
labeled-data\mj_15_51_51_ncb1131-camA\img11534.png,154.64295959472656,185.36355590820312,0.7295500636100769,155.7558135986328,189.45103454589844,0.05075043812394142,153.13031005859375,195.97219848632812,0.7228906750679016,149.62095642089844,197.47244262695312,0.6734965443611145,131.30563354492188,186.6392364501953,0.9995736479759216,111.59811401367188,192.20657348632812,0.9988570213317871
labeled-data\mj_15_51_51_ncb1131-camA\img11535.png,151.41940307617188,185.0139617919922,0.9243878722190857,152.39157104492188,191.39694213867188,0.1760605126619339,149.3824005126953,195.84054565429688,0.8911206722259521,143.22618103027344,197.4722442626953,0.8000648617744446,126.59334564208984,183.30636596679688,0.9999547004699707,103.3981704711914,190.4797821044922,0.9992838501930237
labeled-data\mj_15_51_51_ncb1131-camA\img12769.png,-5.819048881530762,282.22406005859375,0.0009800679981708527,-6.736761093139648,284.88836669921875,0.005582659505307674,-4.274197578430176,286.3794250488281,0.0020275944843888283,-2.8567299842834473,285.8682556152344,0.0005981620051898062,-7.514682769775391,282.1433410644531,3.5584234865382314e-05,169.92391967773438,186.77886962890625,0.002885571913793683
labeled-data\mj_15_51_51_ncb1131-camA\img12770.png,-5.856614112854004,282.2424621582031,0.000958339252974838,-6.822781562805176,284.999755859375,0.005147763527929783,-4.286741256713867,286.43310546875,0.0019606526475399733,-2.8510165214538574,285.9989929199219,0.000528695760294795,0.7478041648864746,414.8368835449219,3.521693724906072e-05,169.7919158935547,187.8219451904297,0.008090178482234478
labeled-data\mj_15_51_51_ncb1131-camA\img12771.png,-6.024152755737305,282.1921691894531,0.0007161921239458025,-6.995448112487793,284.9151306152344,0.004255134146660566,-4.413227081298828,286.36578369140625,0.0016448473324999213,-2.885702133178711,285.8807678222656,0.0004860500921495259,171.8135528564453,172.47665405273438,4.0697916119825095e-05,156.1815643310547,182.3206787109375,0.006804373115301132
labeled-data\mj_15_51_51_ncb1131-camA\img12772.png,-5.7133941650390625,269.8429870605469,0.0006557778688147664,-7.401013374328613,300.2809753417969,0.0034276992082595825,-4.853127479553223,286.4301452636719,0.0010245597222819924,-4.121044158935547,300.80010986328125,0.00038879504427313805,0.7510418891906738,414.92938232421875,3.742638727999292e-05,156.0111083984375,186.53457641601562,0.006941290572285652
labeled-data\mj_15_51_51_ncb1131-camA\img12773.png,202.007080078125,157.34483337402344,0.0019236908992752433,-7.571638107299805,300.60186767578125,0.0028083499055355787,203.71221923828125,173.92713928222656,0.0009545792709104717,192.75222778320312,184.1237030029297,0.005135935265570879,187.48779296875,169.45921325683594,0.0011263602646067739,168.8636016845703,181.18490600585938,0.07607248425483704
labeled-data\mj_15_51_51_ncb1131-camA\img12774.png,-5.662897109985352,254.55108642578125,0.0010567663703113794,-7.540618896484375,300.4697570800781,0.0029545563738793135,-4.50623893737793,286.140625,0.0010554116452112794,191.10121154785156,191.44366455078125,0.02057814411818981,187.1958465576172,184.589111328125,0.003154208417981863,155.7261505126953,191.8236846923828,0.016849953681230545
labeled-data\mj_15_51_51_ncb1131-camA\img12776.png,186.25390625,187.37448120117188,0.5885956287384033,189.4680938720703,193.8856964111328,0.9657559990882874,188.20957946777344,199.5980224609375,0.9989711046218872,179.78514099121094,207.79888916015625,0.7203622460365295,172.3428955078125,193.57125854492188,0.9014946818351746,151.33570861816406,197.33030700683594,0.9848273992538452
labeled-data\mj_15_51_51_ncb1131-camA\img12778.png,183.4170379638672,187.8766326904297,0.9300351142883301,186.7509307861328,193.4286651611328,0.9990975856781006,184.8016357421875,196.5105743408203,0.9972479939460754,179.77684020996094,202.29486083984375,0.6007390022277832,166.6117706298828,191.0342254638672,0.9967173933982849,145.03857421875,196.11239624023438,0.9981901049613953
labeled-data\mj_15_51_51_ncb1131-camA\img12787.png,153.6020965576172,174.39797973632812,0.19553017616271973,157.35806274414062,184.36790466308594,0.0030856835655868053,156.21121215820312,190.6181640625,0.017559822648763657,152.29379272460938,196.56216430664062,0.06912284344434738,130.0537567138672,183.09896850585938,0.9355373382568359,105.83518981933594,187.35122680664062,0.9195156693458557
labeled-data\mj_15_51_51_ncb1131-camA\img15209.png,175.92092895507812,185.35238647460938,0.8150576949119568,178.6992645263672,193.20191955566406,0.9844533801078796,178.2250518798828,199.9202423095703,0.996601939201355,175.01165771484375,206.7598876953125,0.9881417155265808,159.53988647460938,191.6416015625,0.9994250535964966,136.0978546142578,192.80345153808594,0.9993095397949219
labeled-data\mj_15_51_51_ncb1131-camA\img15211.png,169.1325225830078,183.85972595214844,0.36704209446907043,174.6895294189453,192.80795288085938,0.8152195811271667,174.32774353027344,200.19358825683594,0.9893026947975159,165.3899383544922,209.44839477539062,0.3355374336242676,150.1796875,189.66615295410156,0.9936255216598511,129.45486450195312,192.18536376953125,0.9993972778320312
labeled-data\mj_15_51_51_ncb1131-camA\img15217.png,157.25340270996094,187.6611328125,0.4584145247936249,156.58799743652344,196.6503143310547,0.04635006561875343,154.69105529785156,201.63108825683594,0.9348658323287964,148.82720947265625,203.6657257080078,0.8268349766731262,133.02090454101562,187.87159729003906,0.9998351335525513,113.64068603515625,191.08847045898438,0.9997915625572205
labeled-data\mj_15_51_51_ncb1131-camA\img15218.png,156.0994873046875,186.95907592773438,0.9827650189399719,155.87576293945312,194.99034118652344,0.8677325248718262,152.46224975585938,199.26211547851562,0.9992415904998779,147.9646759033203,203.0950927734375,0.9555388689041138,131.38783264160156,186.09982299804688,0.9999929666519165,107.56658935546875,191.8265838623047,0.999987006187439
labeled-data\mj_15_51_51_ncb1131-camA\img15231.png,134.48167419433594,182.63633728027344,0.9296016097068787,-7.160188674926758,301.05682373046875,0.0008086043526418507,104.87479400634766,191.6521759033203,0.002173101296648383,84.36820220947266,206.37380981445312,0.00046429954818449914,112.6070556640625,183.64341735839844,0.9999891519546509,94.02667236328125,193.7643280029297,0.9999980926513672
labeled-data\mj_15_51_51_ncb1131-camA\img18422.png,200.75941467285156,153.2855224609375,0.03913429379463196,204.972900390625,161.7027587890625,0.039425741881132126,207.66355895996094,170.21783447265625,0.11142915487289429,194.71449279785156,176.46566772460938,0.19823327660560608,186.428466796875,165.5408477783203,0.16258563101291656,157.00674438476562,180.1137237548828,0.992073655128479
labeled-data\mj_15_51_51_ncb1131-camA\img18423.png,205.08102416992188,155.79225158691406,0.5882070660591125,206.9768829345703,161.11402893066406,0.8185782432556152,207.47413635253906,166.5753936767578,0.8625741004943848,206.3063201904297,174.12005615234375,0.9991074204444885,190.74127197265625,163.921630859375,0.9956976175308228,171.1147003173828,176.76019287109375,0.9982916712760925
labeled-data\mj_15_51_51_ncb1131-camA\img18424.png,205.6124725341797,154.9683380126953,0.004161886405199766,-7.327399253845215,300.5459899902344,0.004200998693704605,-5.038625717163086,286.9974060058594,0.0008472640765830874,205.74656677246094,177.0066375732422,0.25023382902145386,192.6604461669922,166.35159301757812,0.009046856313943863,176.3890838623047,179.08522033691406,0.47036394476890564
labeled-data\mj_15_51_51_ncb1131-camA\img18425.png,-6.256869316101074,283.10125732421875,0.0006700225058011711,-7.260709762573242,300.569091796875,0.005385121796280146,-4.730749130249023,287.3724365234375,0.0012427694164216518,-4.243024826049805,301.0240478515625,0.0004480233765207231,173.0741424560547,186.02952575683594,4.1086783312493935e-05,167.94325256347656,191.71368408203125,0.0086807981133461
labeled-data\mj_15_51_51_ncb1131-camA\img18426.png,-5.983922004699707,283.14862060546875,0.0008362428634427488,-7.096212387084961,300.56353759765625,0.00709699559956789,-4.615266799926758,287.3588562011719,0.0013903401559218764,-4.324891090393066,301.1102294921875,0.0005866331630386412,175.41122436523438,183.775634765625,4.7331453970400617e-05,162.59033203125,190.38668823242188,0.007030236069113016
labeled-data\mj_15_51_51_ncb1131-camA\img18427.png,-5.9321088790893555,283.4567565917969,0.0008998286793939769,-7.249300956726074,300.88677978515625,0.006556638516485691,-4.330463409423828,287.52032470703125,0.001200864207930863,192.94020080566406,191.5772247314453,0.0009968460071831942,175.52139282226562,183.47027587890625,6.858317647129297e-05,162.8914337158203,190.0008087158203,0.008450192399322987
labeled-data\mj_15_51_51_ncb1131-camA\img18428.png,-5.836764335632324,283.49566650390625,0.0011747394455596805,-6.909482955932617,300.7549133300781,0.007911961525678635,-4.235293388366699,287.4448547363281,0.00133890425786376,194.00009155273438,191.87442016601562,0.000957689480856061,189.35301208496094,182.7661895751953,8.75294572324492e-05,175.2658233642578,190.86163330078125,0.016071030870079994
labeled-data\mj_15_51_51_ncb1131-camA\img18429.png,-5.795055389404297,283.4483642578125,0.0013189316960051656,-6.779993057250977,300.50732421875,0.008324149996042252,-4.2977752685546875,287.4158630371094,0.0014214369002729654,201.81875610351562,187.62347412109375,0.0018228733679279685,189.5006561279297,182.5504150390625,0.00011354869639035314,175.1897430419922,190.5926971435547,0.011138965375721455
labeled-data\mj_15_51_51_ncb1131-camA\img18430.png,-5.538705825805664,283.8077392578125,0.0017761439085006714,-6.605420112609863,286.35931396484375,0.009008662775158882,-4.068976402282715,287.58929443359375,0.00163486716337502,203.2436981201172,188.32969665527344,0.0012008716585114598,-8.090649604797363,282.392822265625,0.00010179306991631165,176.13169860839844,190.74505615234375,0.00994663592427969
labeled-data\mj_15_51_51_ncb1131-camA\img18431.png,-5.524192810058594,283.8953552246094,0.0016645177965983748,-6.626843452453613,286.472900390625,0.008383747190237045,-4.058676719665527,287.71673583984375,0.0016225174767896533,202.1304473876953,188.36660766601562,0.0007439960027113557,-8.006108283996582,282.50848388671875,9.961548494175076e-05,176.47276306152344,190.4252166748047,0.014727561734616756
labeled-data\mj_15_51_51_ncb1131-camA\img18432.png,-5.174594879150391,284.1278076171875,0.002331156749278307,-6.408499717712402,286.76751708984375,0.009786851704120636,-4.048854827880859,288.0212707519531,0.0018033268861472607,-2.6558451652526855,287.2405090332031,0.0007315890397876501,-8.142446517944336,282.7478332519531,0.00012655925820581615,162.0980987548828,189.35516357421875,0.005668198689818382
labeled-data\mj_15_51_51_ncb1131-camA\img18433.png,-5.147770881652832,284.04986572265625,0.0020524999126791954,-6.331938743591309,286.6614074707031,0.008736802265048027,-4.069061279296875,288.01519775390625,0.001748295733705163,176.3177032470703,190.0418243408203,0.000840167747810483,-8.018996238708496,282.7676086425781,0.00010935070167761296,168.41653442382812,192.60806274414062,0.008503487333655357
labeled-data\mj_15_51_51_ncb1131-camA\img18434.png,-5.470769882202148,284.0320739746094,0.0013311660150066018,-6.518402099609375,286.6300354003906,0.005773282144218683,-4.248492240905762,288.01898193359375,0.0013284814776852727,200.86093139648438,160.1981964111328,0.0009375981171615422,-7.85862922668457,282.79852294921875,7.303379970835522e-05,169.5035858154297,191.99298095703125,0.018410582095384598
labeled-data\mj_15_51_51_ncb1131-camA\img18435.png,183.28611755371094,180.16265869140625,0.8609315752983093,187.54782104492188,186.08236694335938,0.9374241232872009,189.9149627685547,190.65975952148438,0.9923230409622192,188.60260009765625,196.77122497558594,0.9559983015060425,170.96649169921875,189.18063354492188,0.9891384243965149,150.7363739013672,198.0252227783203,0.9996904134750366
labeled-data\mj_15_51_51_ncb1131-camA\img21998.png,153.39134216308594,185.9148712158203,0.9999737739562988,155.7845458984375,191.9590606689453,0.9873417019844055,151.72586059570312,196.2318115234375,0.9984405636787415,148.5321044921875,201.6986541748047,0.15951000154018402,127.27359008789062,184.32351684570312,0.9999873638153076,100.5057601928711,188.2213134765625,0.9999749660491943
labeled-data\mj_15_51_51_ncb1131-camA\img22002.png,176.2985382080078,162.1464080810547,0.9977601766586304,182.1701202392578,168.19224548339844,0.9984138011932373,181.32696533203125,173.06884765625,0.9993948936462402,175.24810791015625,179.3739776611328,0.9981192946434021,155.78646850585938,170.0502166748047,0.9999808073043823,132.4190216064453,177.80001831054688,0.9999969005584717
labeled-data\mj_15_51_51_ncb1131-camA\img22003.png,184.87222290039062,154.46800231933594,0.6747314929962158,189.86227416992188,162.59048461914062,0.6410567164421082,189.6785430908203,171.7943115234375,0.9225271940231323,179.0290985107422,181.40928649902344,0.9544892311096191,161.59654235839844,165.23828125,0.999158501625061,137.47662353515625,175.2913055419922,0.9999058246612549
labeled-data\mj_15_51_51_ncb1131-camA\img22005.png,-5.089578628540039,254.4684600830078,0.003314725123345852,-6.274599075317383,271.0881042480469,0.013223804533481598,-3.6057186126708984,272.7295837402344,0.004071748349815607,189.18048095703125,182.72592163085938,0.033934589475393295,178.8275146484375,164.91465759277344,0.010184749960899353,161.99658203125,172.81036376953125,0.9776384234428406
labeled-data\mj_15_51_51_ncb1131-camA\img22006.png,-5.464974403381348,268.6746826171875,0.0037335234228521585,-6.366254806518555,271.1656494140625,0.01455841027200222,-3.6819334030151367,272.8020324707031,0.004378822166472673,190.16122436523438,186.07858276367188,0.0020692013204097748,174.8115234375,157.70169067382812,0.00010982314415741712,159.5370330810547,175.07342529296875,0.7360982894897461
labeled-data\mj_15_51_51_ncb1131-camA\img22008.png,-5.56638240814209,268.74029541015625,0.005101195070892572,-6.45522403717041,271.1138000488281,0.01616741344332695,-3.8898396492004395,272.695068359375,0.004711470101028681,181.42396545410156,188.1956787109375,0.005446543917059898,177.69932556152344,172.736083984375,0.004448563326150179,158.09619140625,178.9302520751953,0.9767271280288696
labeled-data\mj_15_51_51_ncb1131-camA\img22010.png,187.84432983398438,177.4049072265625,0.33870357275009155,193.919921875,186.401611328125,0.9563615918159485,189.7113037109375,194.40115356445312,0.943959653377533,182.07009887695312,206.92127990722656,0.3784037232398987,173.82003784179688,187.39578247070312,0.5796884894371033,151.61770629882812,190.58518981933594,0.9189507365226746
labeled-data\mj_15_51_51_ncb1131-camA\img22017.png,156.84681701660156,183.02513122558594,0.009516200050711632,-6.853503227233887,270.9429931640625,0.009471731260418892,165.03659057617188,186.93955993652344,0.005843513645231724,165.520263671875,189.03289794921875,0.009557625278830528,135.34031677246094,186.27764892578125,0.9928519129753113,117.71564483642578,191.16506958007812,0.9750277996063232
labeled-data\mj_15_51_51_ncb1131-camA\img26210.png,200.7808380126953,151.31387329101562,0.07590825110673904,201.986572265625,155.5753936767578,0.48405084013938904,203.1776885986328,163.1623077392578,0.6299055218696594,202.6791229248047,172.84765625,0.6642963290214539,185.68780517578125,162.9766387939453,0.2797527313232422,162.60626220703125,179.90963745117188,0.9904161691665649
labeled-data\mj_15_51_51_ncb1131-camA\img26213.png,202.29769897460938,152.11878967285156,0.00666770851239562,203.35629272460938,150.53785705566406,0.007296019699424505,202.16502380371094,159.3403778076172,0.008764507248997688,205.72987365722656,175.83360290527344,0.0067946575582027435,190.78866577148438,166.8015594482422,0.0016198301455006003,171.5550079345703,185.47251892089844,0.6511157751083374
labeled-data\mj_15_51_51_ncb1131-camA\img26215.png,200.29075622558594,152.20999145507812,0.0009307987638749182,-7.187814712524414,301.0753479003906,0.005227189511060715,200.52456665039062,145.29470825195312,0.0025836070999503136,199.41189575195312,158.4476318359375,0.0023862249217927456,189.12928771972656,171.37591552734375,5.9170270105823874e-05,170.80511474609375,185.90960693359375,0.1119169294834137
labeled-data\mj_15_51_51_ncb1131-camA\img26216.png,200.1082000732422,152.540283203125,0.0008583565359003842,-7.191947937011719,301.08392333984375,0.005462760105729103,200.52842712402344,145.3508758544922,0.002701140008866787,199.65792846679688,158.82333374023438,0.002100529382005334,188.3551788330078,172.0936737060547,6.824867887189612e-05,169.83953857421875,186.25827026367188,0.07801738381385803
labeled-data\mj_15_51_51_ncb1131-camA\img31576.png,201.6275634765625,141.04833984375,0.048367343842983246,204.21246337890625,149.49691772460938,0.07553748041391373,204.10006713867188,157.3912353515625,0.13857397437095642,204.17227172851562,169.50851440429688,0.844691812992096,187.83169555664062,154.58314514160156,0.11249098926782608,171.1964569091797,176.08822631835938,0.9929115176200867
labeled-data\mj_15_51_51_ncb1131-camA\img31577.png,201.2423553466797,138.3040008544922,0.002245865296572447,-7.28251838684082,285.3757019042969,0.008421585895121098,-4.878242492675781,287.10052490234375,0.0029983145650476217,201.05300903320312,147.26162719726562,0.0017005337867885828,188.03961181640625,153.20245361328125,0.0004170409811194986,175.91651916503906,176.74859619140625,0.5926257371902466
labeled-data\mj_15_51_51_ncb1131-camA\img31579.png,-6.173707008361816,282.6236877441406,0.002074504503980279,-7.30599308013916,285.76007080078125,0.008934157900512218,-4.816108703613281,287.4114990234375,0.002931195078417659,-4.043011665344238,300.8977355957031,0.000972860842011869,-9.002274513244629,282.4507141113281,3.584003570722416e-05,169.2391357421875,184.69195556640625,0.008028393611311913
labeled-data\mj_15_51_51_ncb1131-camA\img31581.png,-6.247530937194824,282.51708984375,0.0017312864074483514,-6.742275238037109,300.04718017578125,0.00764596089720726,-4.800302505493164,287.1835632324219,0.002466321224346757,201.46588134765625,128.7738800048828,0.0008588818018324673,159.67881774902344,182.1208953857422,3.2861360523384064e-05,163.5317840576172,187.93260192871094,0.009528590366244316
labeled-data\mj_15_51_51_ncb1131-camA\img31582.png,-6.3068695068359375,282.5511474609375,0.001007335726171732,-6.822941780090332,300.17791748046875,0.006233704276382923,-4.775055885314941,287.181396484375,0.0017688912339508533,-3.9908690452575684,300.91241455078125,0.0007342012249864638,160.07449340820312,182.45314025878906,4.748163701151498e-05,162.96669006347656,188.2545928955078,0.03802276775240898
labeled-data\mj_15_51_51_ncb1131-camA\img31583.png,-5.113147735595703,270.1196594238281,0.0007459518383257091,-6.893184661865234,300.196533203125,0.004447585437446833,-4.918759346008301,287.11297607421875,0.0010848550591617823,191.75181579589844,188.4342041015625,0.0010789843508973718,175.93704223632812,175.11082458496094,0.0001928934216266498,163.27203369140625,187.9376983642578,0.24383389949798584
labeled-data\mj_15_51_51_ncb1131-camA\img31584.png,202.8386688232422,171.6743621826172,0.021837681531906128,203.8599395751953,178.5950927734375,0.05892709270119667,203.5648956298828,179.84486389160156,0.04242410510778427,201.35299682617188,184.45860290527344,0.7376912832260132,188.1410675048828,178.03794860839844,0.09708352386951447,163.24073791503906,187.09349060058594,0.9292117953300476
labeled-data\mj_15_51_51_ncb1131-camA\img31585.png,203.55154418945312,175.95155334472656,0.070610910654068,203.86691284179688,179.65264892578125,0.1644607037305832,203.96713256835938,181.8717041015625,0.208273246884346,201.2104949951172,185.72215270996094,0.9706773161888123,188.88357543945312,177.7921600341797,0.4357905983924866,163.9513397216797,186.75502014160156,0.9830430150032043
labeled-data\mj_15_51_51_ncb1131-camA\img31586.png,202.430419921875,173.5126953125,0.6480563282966614,204.8287811279297,177.7471923828125,0.9125088453292847,204.68240356445312,181.09742736816406,0.9332616329193115,200.1746063232422,185.91246032714844,0.9982243180274963,185.97035217285156,176.33543395996094,0.9730735421180725,161.25592041015625,184.8028564453125,0.9990988969802856
labeled-data\mj_15_51_51_ncb1131-camA\img31607.png,206.0840301513672,151.92086791992188,0.06871616840362549,209.12684631347656,156.25540161132812,0.3153340518474579,206.89854431152344,162.28248596191406,0.2510770857334137,204.55807495117188,168.96678161621094,0.9910916686058044,188.5704803466797,155.6538848876953,0.7978572249412537,170.79127502441406,172.15811157226562,0.9975118637084961
labeled-data\mj_15_51_51_ncb1131-camA\img31608.png,-5.744901657104492,269.1903991699219,0.0005216703284531832,-7.066872596740723,300.462890625,0.002962782047688961,-5.0661420822143555,286.03961181640625,0.001328802201896906,204.80538940429688,174.9979248046875,0.019637934863567352,192.1098175048828,165.98280334472656,0.0005708176759071648,177.08258056640625,177.42910766601562,0.27148181200027466
labeled-data\mj_15_51_51_ncb1131-camA\img31610.png,-6.243586540222168,282.1709289550781,0.0011111055500805378,-6.8592987060546875,300.52069091796875,0.005514252930879593,-4.836275100708008,286.6833190917969,0.0021244536619633436,-3.7828617095947266,300.8877258300781,0.0006200372008606791,172.04139709472656,186.7991180419922,6.98858275427483e-05,153.76235961914062,184.5575408935547,0.013872770592570305
labeled-data\mj_15_51_51_ncb1131-camA\img31611.png,-4.9433135986328125,270.007568359375,0.0008605553884990513,-6.950560569763184,300.6743469238281,0.004404629580676556,-4.721234321594238,286.5881042480469,0.0017778946785256267,202.1026153564453,160.36585998535156,0.0005294446600601077,174.43585205078125,173.7810821533203,5.5099098972277716e-05,154.21519470214844,183.89404296875,0.010641421191394329
labeled-data\mj_15_51_51_ncb1131-camA\img31612.png,-6.440972328186035,281.97564697265625,0.0007684687152504921,-7.416646957397461,284.74053955078125,0.003516353666782379,-4.858865737915039,286.4064025878906,0.0015674530295655131,-3.4171853065490723,285.7246398925781,0.0004278187989257276,174.33782958984375,174.10723876953125,7.786353671690449e-05,168.21250915527344,184.91090393066406,0.01732257381081581
labeled-data\mj_15_51_51_ncb1131-camA\img31613.png,-6.369540214538574,281.6803894042969,0.0008460395038127899,-7.248514175415039,284.56109619140625,0.0038508025463670492,-4.84761905670166,286.33209228515625,0.0018844796577468514,201.52520751953125,187.7241973876953,0.006701208651065826,186.88827514648438,175.5397186279297,0.00028978183399885893,165.19577026367188,187.96762084960938,0.1802077442407608
labeled-data\mj_15_51_51_ncb1131-camA\img31614.png,205.22828674316406,174.9337921142578,0.057794924825429916,205.3050079345703,179.1087188720703,0.15038205683231354,205.4869384765625,181.574462890625,0.15244613587856293,202.85610961914062,184.62283325195312,0.9833477139472961,190.0007781982422,177.8813934326172,0.16067726910114288,165.17971801757812,186.12501525878906,0.987174928188324
labeled-data\mj_15_51_51_ncb1131-camA\img38705.png,199.8914031982422,150.03317260742188,0.0006602492067031562,201.42141723632812,151.38955688476562,0.003504705848172307,200.23020935058594,154.6417999267578,0.004432979971170425,198.931884765625,157.48915100097656,0.014956876635551453,187.0343475341797,162.75950622558594,0.0006624252418987453,162.97230529785156,175.4429931640625,0.7775837779045105
labeled-data\mj_15_51_51_ncb1131-camA\img38707.png,200.24786376953125,139.25027465820312,0.0019984229002147913,202.0068817138672,141.93386840820312,0.007202808745205402,200.73963928222656,156.2120819091797,0.007321842946112156,198.77255249023438,158.86427307128906,0.009402329102158546,187.92523193359375,164.90478515625,0.0009608750697225332,169.17967224121094,182.75674438476562,0.8912606239318848
labeled-data\mj_15_51_51_ncb1131-camA\img38709.png,199.62599182128906,150.52590942382812,0.0006726861465722322,-7.775729179382324,301.0936279296875,0.0033351583406329155,199.61973571777344,155.62586975097656,0.0013601771788671613,198.65037536621094,157.76788330078125,0.005775318015366793,187.4603271484375,171.91909790039062,0.00010958295752061531,168.0837860107422,184.54039001464844,0.3972618281841278
labeled-data\mj_15_51_51_ncb1131-camA\img38710.png,-6.829129219055176,282.7144470214844,0.0004826804215554148,-7.672336578369141,301.0619812011719,0.0038106366991996765,-5.115547180175781,286.59808349609375,0.0008975552045740187,198.53538513183594,158.00979614257812,0.0022938356269150972,186.52928161621094,171.0601806640625,7.462451321771368e-05,167.46902465820312,183.0283660888672,0.5555556416511536
labeled-data\mj_15_51_51_ncb1131-camA\img42190.png,155.26231384277344,187.62281799316406,0.9999148845672607,155.99609375,192.984375,0.8387595415115356,153.8149871826172,198.20913696289062,0.8509288430213928,152.49789428710938,206.13246154785156,0.05010772868990898,131.66358947753906,189.1516571044922,0.9999986886978149,110.31503295898438,195.8330841064453,0.9999984502792358
labeled-data\mj_15_51_51_ncb1131-camA\img42191.png,151.74436950683594,188.11419677734375,0.9999102354049683,153.5851287841797,194.8194580078125,0.94340580701828,151.64312744140625,199.55575561523438,0.9832171201705933,144.95286560058594,208.2787628173828,0.19165919721126556,125.23455810546875,186.66929626464844,0.9999946355819702,99.80423736572266,191.6985626220703,0.9999985694885254
labeled-data\mj_15_51_51_ncb1131-camA\img42197.png,175.8789520263672,177.6275177001953,0.9973651766777039,180.33740234375,184.51992797851562,0.9998563528060913,179.47633361816406,189.89797973632812,0.9999868869781494,174.28961181640625,194.45318603515625,0.9999052286148071,153.7784881591797,183.0037384033203,0.9999823570251465,129.60281372070312,188.01837158203125,0.9999996423721313
labeled-data\mj_15_51_51_ncb1131-camA\img42200.png,194.46617126464844,162.80865478515625,0.7671403884887695,197.30694580078125,171.19631958007812,0.8949604034423828,195.7901153564453,176.6865997314453,0.8533641695976257,184.54522705078125,186.48167419433594,0.9458460211753845,173.8648223876953,170.68533325195312,0.999516487121582,149.14588928222656,179.4867401123047,0.9999831914901733
labeled-data\mj_15_51_51_ncb1131-camA\img42203.png,202.12184143066406,155.51588439941406,0.005902556702494621,-7.337014198303223,284.5535583496094,0.004015354905277491,202.381591796875,161.04669189453125,0.003387101925909519,202.18846130371094,185.4212188720703,0.2576753497123718,188.4587860107422,167.7227020263672,0.018888898193836212,165.01983642578125,177.07765197753906,0.9933400750160217
labeled-data\mj_15_51_51_ncb1131-camA\img42206.png,192.3711700439453,179.3423309326172,0.06255745142698288,194.01080322265625,186.2172393798828,0.06337922811508179,194.20994567871094,191.84478759765625,0.05629441887140274,191.06802368164062,195.76670837402344,0.043083298951387405,182.70108032226562,186.1089324951172,0.01624368689954281,154.6227264404297,194.19984436035156,0.9559345841407776
labeled-data\mj_15_51_51_ncb1131-camA\img42251.png,202.2012481689453,154.63983154296875,0.013172030448913574,203.02098083496094,157.2321319580078,0.008594764396548271,202.31817626953125,160.4715576171875,0.014791605994105339,204.871337890625,176.43788146972656,0.05914989486336708,193.471923828125,161.9791717529297,0.006088168825954199,170.39434814453125,183.5724334716797,0.9715586304664612
labeled-data\mj_15_51_51_ncb1131-camA\img42252.png,201.72508239746094,154.14166259765625,0.0027542426250874996,-7.430312156677246,284.42315673828125,0.003305776510387659,201.54202270507812,159.61875915527344,0.0035843343939632177,203.74542236328125,176.8919677734375,0.0067903208546340466,194.2626495361328,167.4071044921875,0.0005639595910906792,170.19183349609375,183.8356475830078,0.8739976286888123
labeled-data\mj_15_51_51_ncb1131-camA\img42253.png,199.92039489746094,152.1394500732422,0.0013067835243418813,201.5655059814453,141.88241577148438,0.003542754566296935,200.57037353515625,144.77308654785156,0.0024852976202964783,199.0446014404297,158.3703155517578,0.0036460577975958586,188.11441040039062,171.48484802246094,0.0001217249155160971,168.42140197753906,183.6370391845703,0.4919053912162781
labeled-data\mj_15_51_51_ncb1131-camA\img42254.png,-6.983822822570801,282.05169677734375,0.0005179407307878137,-7.414668083190918,284.3493347167969,0.0028825511690229177,-4.549735069274902,285.85015869140625,0.0013922706712037325,199.0014190673828,157.11920166015625,0.001104417722672224,187.6709442138672,173.0136260986328,4.2159717850154266e-05,167.5404815673828,183.9447479248047,0.33810651302337646
labeled-data\mj_15_51_51_ncb1131-camA\img42255.png,166.57672119140625,176.1145782470703,0.025377290323376656,171.65866088867188,175.78921508789062,0.004023271147161722,172.03973388671875,183.3505859375,0.028308583423495293,171.3666534423828,186.36843872070312,0.15739263594150543,145.12684631347656,185.98155212402344,0.9502557516098022,130.96144104003906,191.9246063232422,0.9975403547286987
